player_id,pfr_player_name,draft_year,fifth_year_salary_m
00-0027939,Cam Newton,2011,14.66
00-0027940,Von Miller,2011,9.754
00-0027941,Marcell Dareus,2011,8.06
00-0027942,A.J. Green,2011,10.176
00-0027943,Patrick Peterson,2011,10.081
00-0027944,Julio Jones,2011,10.176
00-0027945,Aldon Smith,2011,9.754
00-0027946,Jake Locker,2011,
00-0027947,Tyron Smith,2011,10.039
00-0027948,Blaine Gabbert,2011,
00-0027949,J.J. Watt,2011,6.969
00-0027950,Christian Ponder,2011,
00-0027951,Nick Fairley,2011,
00-0027952,Robert Quinn,2011,6.969
00-0027953,Mike Pouncey,2011,7.438
00-0027954,Ryan Kerrigan,2011,7.038
00-0027955,Nate Solder,2011,7.438
00-0027956,Corey Liuget,2011,5.477
00-0027957,Prince Amukamara,2011,6.89
00-0027958,Adrian Clayborn,2011,
00-0027959,Phil Taylor,2011,5.477
00-0027960,Anthony Castonzo,2011,7.438
00-0027961,Danny Watkins,2011,
00-0027962,Cameron Jordan,2011,6.969
00-0027963,James Carpenter,2011,
00-0027964,Jonathan Baldwin,2011,
00-0027965,Jimmy Smith,2011,6.898
00-0027966,Mark Ingram,2011,
00-0027967,Gabe Carimi,2011,
00-0027968,Muhammad Wilkerson,2011,6.969
00-0027969,Cameron Heyward,2011,6.969
00-0027970,Derek Sherrod,2011,
00-0029668,Andrew Luck,2012,16.155
00-0029665,Robert Griffin III,2012,16.155
00-0029675,Trent Richardson,2012,
00-0029687,Matt Kalil,2012,11.096
00-0029707,Justin Blackmon,2012,
00-0029676,Morris Claiborne,2012,
00-0029670,Mark Barron,2012,
00-0029701,Ryan Tannehill,2012,16.155
00-0029248,Luke Kuechly,2012,11.058
00-0029542,Stephon Gilmore,2012,11.082
00-0029688,Dontari Poe,2012,6.146
00-0029653,Fletcher Cox,2012,7.799
00-0029638,Michael Floyd,2012,7.32
00-0029630,Michael Brockers,2012,6.146
00-0029193,Bruce Irvin,2012,
00-0029559,Quinton Coples,2012,
00-0029560,Dre Kirkpatrick,2012,7.507
00-0029249,Melvin Ingram,2012,7.751
00-0029250,Shea McClellin,2012,
00-0029708,Kendall Wright,2012,7.32
00-0029585,Chandler Jones,2012,7.799
00-0029677,Brandon Weeden,2012,
00-0029672,Riley Reiff,2012,8.07
00-0029678,David DeCastro,2012,8.07
00-0029669,Dont'a Hightower,2012,7.751
00-0029643,Whitney Mercilus,2012,
00-0029592,Kevin Zeitler,2012,8.07
00-0029408,Nick Perry,2012,
00-0029606,Harrison Smith,2012,5.278
00-0029654,A.J. Jenkins,2012,
00-0029613,Doug Martin,2012,
00-0029251,David Wilson,2012,
00-0030584,Eric Fisher,2013,11.902
00-0030545,Luke Joeckel,2013,
00-0030555,Dion Jordan,2013,
00-0030561,Lane Johnson,2013,
00-0030059,Ezekiel Ansah,2013,12.734
00-0030558,Barkevious Mingo,2013,
00-0030590,Jonathan Cooper,2013,
00-0030525,Tavon Austin,2013,12.268
00-0030592,Dee Milliner,2013,
00-0030593,Chance Warmack,2013,
00-0030505,D.J. Fluker,2013,8.821
00-0030572,D.J. Hayden,2013,
00-0030573,Sheldon Richardson,2013,8.069
00-0030455,Star Lotulelei,2013,6.757
00-0030060,Kenny Vaccaro,2013,5.676
00-0030526,EJ Manuel,2013,
00-0030499,Jarvis Jones,2013,
00-0030548,Eric Reid,2013,5.676
00-0030585,Justin Pugh,2013,8.821
00-0030441,Kyle Long,2013,8.821
00-0030549,Tyler Eifert,2013,4.782
00-0030562,Desmond Trufant,2013,8.026
00-0030574,Sharrif Floyd,2013,6.757
00-0030563,Bjoern Werner,2013,
00-0030575,Xavier Rhodes,2013,8.026
00-0030576,Datone Jones,2013,
00-0030564,DeAndre Hopkins,2013,7.915
00-0030577,Sylvester Williams,2013,
00-0030578,Cordarrelle Patterson,2013,
00-0030527,Alec Ogletree,2013,8.369
00-0030546,Travis Frederick,2013,8.821
00-0030559,Matt Elam,2013,
00-0031364,Jadeveon Clowney,2014,13.846
00-0031386,Greg Robinson,2014,
00-0031407,Blake Bortles,2014,19.053
00-0031325,Sammy Watkins,2014,
00-0031040,Khalil Mack,2014,13.846
00-0031279,Jake Matthews,2014,12.496
00-0031408,Mike Evans,2014,13.258
00-0031438,Justin Gilbert,2014,
00-0031256,Anthony Barr,2014,12.306
00-0031387,Eric Ebron,2014,5.194
00-0031442,Taylor Lewan,2014,9.341
00-0031235,Odell Beckham Jr.,2014,8.459
00-0031388,Aaron Donald,2014,6.892
00-0031041,Kyle Fuller,2014,
00-0031365,Ryan Shazier,2014,8.718
00-0031402,Zack Martin,2014,9.341
00-0031296,C.J. Mosley,2014,8.718
00-0031343,Calvin Pryor,2014,
00-0031417,Ja'Wuan James,2014,9.341
00-0031236,Brandin Cooks,2014,8.459
00-0031333,Ha Ha Clinton-Dix,2014,5.597
00-0031409,Johnny Manziel,2014,
00-0031297,Dee Ford,2014,8.718
00-0031380,Darqueze Dennard,2014,8.526
00-0031334,Jason Verrett,2014,8.526
00-0031371,Marcus Smith,2014,
00-0031366,Deone Bucannon,2014,8.718
00-0031359,Kelvin Benjamin,2014,8.459
00-0031425,Dominique Easley,2014,
00-0031298,Jimmie Ward,2014,8.526
00-0031372,Bradley Roby,2014,8.526
00-0031237,Teddy Bridgewater,2014,
00-0031503,Jameis Winston,2015,20.922
00-0032268,Marcus Mariota,2015,20.922
00-0032052,Dante Fowler,2015,
00-0031544,Amari Cooper,2015,13.924
00-0032053,Brandon Scherff,2015,12.525
00-0031933,Leonard Williams,2015,14.2
00-0031545,Kevin White,2015,
00-0032240,Vic Beasley,2015,14.2
00-0032259,Ereck Flowers,2015,
00-0032241,Todd Gurley,2015,9.63
00-0031546,Trae Waynes,2015,9.069
00-0032143,Danny Shelton,2015,
00-0032203,Andrus Peat,2015,9.625
00-0031547,DeVante Parker,2015,9.387
00-0032144,Melvin Gordon,2015,5.605
00-0031548,Kevin Johnson,2015,9.069
00-0032164,Arik Armstead,2015,9.046
00-0032165,Marcus Peters,2015,9.069
00-0032145,Cameron Erving,2015,
00-0031549,Nelson Agholor,2015,9.387
00-0032233,Cedric Ogbuehi,2015,
00-0032146,Bud Dupree,2015,9.232
00-0032221,Shane Ray,2015,
00-0032222,D.J. Humphries,2015,9.625
00-0031550,Shaq Thompson,2015,9.232
00-0032054,Breshad Perriman,2015,
00-0032239,Byron Jones,2015,9.069
00-0032234,Laken Tomlinson,2015,
00-0032208,Phillip Dorsett,2015,
00-0032251,Damarious Randall,2015,9.069
00-0032102,Stephone Anthony,2015,
00-0032261,Malcom Brown,2015,
00-0033106,Jared Goff,2016,22.783
00-0032950,Carson Wentz,2016,22.783
00-0033156,Joey Bosa,2016,14.360
00-0033045,Ezekiel Elliott,2016,9.1
00-0033055,Jalen Ramsey,2016,13.73
00-0032965,Ronnie Stanley,2016,12.866
00-0032378,DeForest Buckner,2016,12.378
00-0033057,Jack Conklin,2016,
00-0033072,Leonard Floyd,2016,13.22
00-0032379,Eli Apple,2016,
00-0032758,Vernon Hargreaves III,2016,
00-0032759,Sheldon Rankins,2016,7.69
00-0032380,Laremy Tunsil,2016,
00-0032888,Karl Joseph,2016,
00-0032966,Corey Coleman,2016,
00-0032381,Taylor Decker,2016,
00-0032382,Keanu Neal,2016,
00-0032383,Ryan Kelly,2016,
00-0033096,Shaq Lawson,2016,
00-0033147,Darron Lee,2016,
00-0033127,Will Fuller,2016,
00-0032760,Josh Doctson,2016,
00-0032951,Laquon Treadwell,2016,
00-0033107,William Jackson III,2016,
00-0033103,Artie Burns,2016,
00-0033108,Paxton Lynch,2016,
00-0033120,Kenny Clark,2016,
00-0033151,Joshua Garnett,2016,
00-0032761,Robert Nkemdiche,2016,
00-0032967,Vernon Butler,2016,
00-0032384,Germain Ifedi,2016,
00-0033868,Myles Garrett,2017,15.184
00-0033869,Mitchell Trubisky,2017,
00-0033870,Solomon Thomas,2017,
00-0033856,Leonard Fournette,2017,
00-0033871,Corey Davis,2017,
00-0033872,Jamal Adams,2017,9.86
00-0033536,Mike Williams,2017,15.68
00-0033280,Christian McCaffrey,2017,8.483
00-0033460,John Ross,2017,
00-0033873,Patrick Mahomes,2017,24.837
00-0033874,Marshon Lattimore,2017,10.244
00-0033537,Deshaun Watson,2017,17.54
00-0033875,Haason Reddick,2017,
00-0033876,Derek Barnett,2017,10.051
00-0033877,Malik Hooker,2017,
00-0033281,Marlon Humphrey,2017,10.244
00-0033523,Jonathan Allen,2017,8.255
00-0033878,Adoree' Jackson,2017,10.244
00-0033879,O.J. Howard,2017,6.013
00-0033538,Garett Bolles,2017,
00-0033539,Jarrad Davis,2017,
00-0033880,Charles Harris,2017,
00-0033881,Evan Engram,2017,6.013
00-0033882,Gareon Conley,2017,
00-0033883,Jabrill Peppers,2017,6.77
00-0033540,Takkarist McKinley,2017,
00-0033884,Tre'Davious White,2017,10.244
00-0033541,Taco Charlton,2017,
00-0033885,David Njoku,2017,6.013
00-0033886,T.J. Watt,2017,10.089
00-0033887,Reuben Foster,2017,
00-0033888,Ryan Ramczyk,2017,11.064
00-0034855,Baker Mayfield,2018,18.858
00-0034844,Saquon Barkley,2018,7.217
00-0034869,Sam Darnold,2018,18.858
00-0034856,Denzel Ward,2018,13.294
00-0034832,Bradley Chubb,2018,12.716
00-0034342,Quenton Nelson,2018,13.754
00-0034857,Josh Allen,2018,23.106
00-0034874,Roquan Smith,2018,9.735
00-0034847,Mike McGlinchey,2018,10.88
00-0034343,Josh Rosen,2018,
00-0034789,Minkah Fitzpatrick,2018,10.612
00-0034773,Vita Vea,2018,7.638
00-0034333,Daron Payne,2018,8.529
00-0034344,Marcus Davenport,2018,9.553
00-0034759,Kolton Miller,2018,10.88
00-0034673,Tremaine Edmunds,2018,12.716
00-0034790,Derwin James,2018,9.052
00-0034728,Jaire Alexander,2018,13.294
00-0034674,Leighton Vander Esch,2018,
00-0034345,Frank Ragnow,2018,12.657
00-0034762,Billy Price,2018,
00-0034743,Rashaan Evans,2018,
00-0034833,Isaiah Wynn,2018,10.413
00-0034827,D.J. Moore,2018,11.116
00-0034830,Hayden Hurst,2018,
00-0034837,Calvin Ridley,2018,11.116
00-0034750,Rashaad Penny,2018,
00-0034858,Terrell Edmunds,2018,
00-0034842,Taven Bryan,2018,
00-0034843,Mike Hughes,2018,
00-0034845,Sony Michel,2018,
00-0034796,Lamar Jackson,2018,23.106
00-0035228,Kyler Murray,2019,29.703
00-0035717,Nick Bosa,2019,17.85
00-0035718,Quinnen Williams,2019,9.59
00-0035692,Clelin Ferrell,2019,
00-0035707,Devin White,2019,11.706
00-0035710,Daniel Jones,2019,
00-0035642,Josh Hines-Allen,2019,10.892
00-0035229,T.J. Hockenson,2019,9.39
00-0035230,Ed Oliver,2019,10.75
00-0035525,Devin Bush Jr.,2019,
00-0035944,Jonah Williams,2019,12.604
00-0034967,Rashan Gary,2019,10.892
00-0035231,Christian Wilkins,2019,10.753
00-0035630,Chris Lindstrom,2019,13.202
00-0035232,Dwayne Haskins,2019,
00-0035713,Brian Burns,2019,16
00-0035683,Dexter Lawrence,2019,10.753
00-0035588,Garrett Bradbury,2019,
00-0035643,Jeffery Simmons,2019,10.753
00-0035644,Noah Fant,2019,6.85
00-0034968,Darnell Savage Jr.,2019,7.901
00-0035233,Andre Dillard,2019,
00-0035234,Tytus Howard,2019,13.202
00-0035700,Josh Jacobs,2019,
00-0035662,Marquise Brown,2019,13.4
00-0035647,Montez Sweat,2019,11.5
00-0035693,Johnathan Abram,2019,
00-0035674,Jerry Tillery,2019,
00-0035636,L.J. Collier,2019,
00-0035684,Deandre Baker,2019,
00-0035235,Kaleb McGary,2019,
00-0035624,N'Keal Harry,2019,
00-0036442,Joe Burrow,2020,29.5
00-0036321,Chase Young,2020,
00-0036274,Jeff Okudah,2020,
00-0036386,Andrew Thomas,2020,14.18
00-0036212,Tua Tagovailoa,2020,23.2
00-0036355,Justin Herbert,2020,29.5
00-0036220,Derrick Brown,2020,11.67
00-0036356,Isaiah Simmons,2020,
00-0036281,C.J. Henderson,2020,
00-0036267,Jedrick Wills Jr.,2020,14.18
00-0036284,Mekhi Becton,2020,
00-0036357,Henry Ruggs III,2020,
00-0036406,Tristan Wirfs,2020,18.24
00-0036260,Javon Kinlaw,2020,
00-0036407,Jerry Jeudy,2020,14.12
00-0036285,AJ Terrell,2020,12.34
00-0036358,CeeDee Lamb,2020,17.99
00-0036248,Austin Jackson,2020,
00-0036359,Damon Arnette,2020,
00-0036286,K'Lavon Chaisson,2020,
00-0036387,Jalen Reagor,2020,
00-0036322,Justin Jefferson,2020,19.74
00-0036441,Kenneth Murray,2020,
00-0036408,Cesar Ruiz,2020,
00-0036261,Brandon Aiyuk,2020,14.12
00-0036264,Jordan Love,2020,
00-0036409,Jordyn Brooks,2020,
00-0036323,Patrick Queen,2020,
00-0036445,Isaiah Wilson,2020,
00-0036287,Noah Igbinoghene,2020,
00-0036324,Jeff Gladney,2020,
00-0036360,Clyde Edwards-Helaire,2020,
00-0036971,Trevor Lawrence,2021,25.66
00-0037013,Zach Wilson,2021,
00-0037012,Trey Lance,2021,
00-0036970,Kyle Pitts,2021,10.88
00-0036900,Ja'Marr Chase,2021,21.82
00-0036613,Jaylen Waddle,2021,15.59
00-0036880,Penei Sewell,2021,19
00-0036944,Jaycee Horn,2021,12.47
00-0036874,Patrick Surtain II,2021,19.82
00-0036912,DeVonta Smith,2021,15.59
00-0036945,Justin Fields,2021,
00-0036932,Micah Parsons,2021,21.32
00-0037009,Rashawn Slater,2021,19
00-0036979,Alijah Vera-Tucker,2021,13.31
00-0036972,Mac Jones,2021,
00-0036933,Zaven Collins,2021,
00-0036892,Alex Leatherwood,2021,
00-0036934,Jaelan Phillips,2021,13.3
00-0036614,Jamin Davis,2021,
00-0036913,Kadarius Toney,2021,
00-0036479,Kwity Paye,2021,13.4
00-0036615,Caleb Farley,2021,
00-0036616,Christian Darrisaw,2021,16
00-0036893,Najee Harris,2021,
00-0036973,Travis Etienne,2021,6.14
00-0036996,Greg Newsome II,2021,13.38
00-0036550,Rashod Bateman,2021,
00-0036926,Payton Turner,2021,
00-0036901,Eric Stokes,2021,
00-0036914,Gregory Rousseau,2021,13.39
00-0036940,Odafe Oweh,2021,13.25
00-0036967,Joe Tryon-Shoyinka,2021,
00-0037235,Travon Walker,2022,14.75
00-0037236,Aidan Hutchinson,2022,19.87
00-0037237,Derek Stingley Jr.,2022,17.6
00-0037190,Sauce Gardner,2022,20.19
00-0037611,Kayvon Thibodeaux,2022,14.75
00-0037229,Ikem Ekwonu,2022,17.56
00-0037612,Evan Neal,2022,
00-0037238,Drake London,2022,16.82
00-0037821,Charles Cross,2022,17.56
00-0037740,Garrett Wilson,2022,16.82
00-0037239,Chris Olave,2022,15.49
00-0037240,Jameson Williams,2022,15.49
00-0037073,Jordan Davis,2022,12.94
00-0038038,Kyle Hamilton,2022,18.6
00-0037613,Kenyon Green,2022,
00-0037741,Jahan Dotson,2022,
00-0037818,Zion Johnson,2022,
00-0037742,Treylon Burks,2022,
00-0037241,Trevor Penning,2022,
00-0038102,Kenny Pickett,2022,
00-0037191,Trent McDuffie,2022,13.63
00-0037074,Quay Walker,2022,
00-0037242,Kaiir Elam,2022,
00-0037243,Tyler Smith,2022,20.99
00-0037825,Tyler Linderbaum,2022,
00-0037663,Jermaine Johnson II,2022,13.92
00-0037244,Devin Lloyd,2022,
00-0037075,Devonte Wyatt,2022,12.94
00-0038103,Cole Strange,2022,
00-0037192,George Karlaftis III,2022,15.12
00-0037743,Daxton Hill,2022,12.68
00-0037245,Lewis Cine,2022,
00-0039150,Bryce Young,2023,25.9
00-0039163,C.J. Stroud,2023,25.9
00-0039108,Will Anderson,2023,21.51
00-0039164,Anthony Richardson,2023,
00-0039169,Devon Witherspoon,2023,21.16
00-0038540,Paris Johnson,2023,19.07
00-0038541,Tyree Wilson,2023,
00-0038542,Bijan Robinson,2023,11.32
00-0038386,Jalen Carter,2023,27.13
00-0038932,Darnell Wright,2023,19.07
00-0039034,Peter Skoronski,2023,19.07
00-0039139,Jahmyr Gibbs,2023,14.29
00-0039112,Lukas Van Ness,2023,13.75
00-0039109,Broderick Jones,2023,
00-0039142,Will McDonald,2023,13.75
00-0039151,Emmanuel Forbes,2023,
00-0039147,Christian Gonzalez,2023,18.12
00-0039018,Jack Campbell,2023,
00-0039063,Calijah Kancey,2023,14.48
00-0038543,Jaxon Smith-Njigba,2023,23.85
00-0038544,Quentin Johnston,2023,18
00-0039064,Zay Flowers,2023,27.3
00-0038994,Jordan Addison,2023,18
00-0039000,Deonte Banks,2023,
00-0038933,Dalton Kincaid,2023,8.16
00-0038545,Mazi Smith,2023,
00-0038934,Anton Harrison,2023,19.07
00-0038546,Myles Murphy,2023,
00-0038995,Bryan Bresee,2023,13.93
00-0039013,Nolan Smith,2023,13.75
00-0039006,Felix Anudike-Uzomah,2023,
00-0039918,Caleb Williams,2024,
00-0039910,Jayden Daniels,2024,
00-0039851,Drake Maye,2024,
00-0039849,Marvin Harrison Jr.,2024,
00-0039897,Joe Alt,2024,
00-0039337,Malik Nabers,2024,
00-0039731,JC Latham,2024,
00-0039917,Michael Penix,2024,
00-0039919,Rome Odunze,2024,
00-0039923,J.J. McCarthy,2024,
00-0039790,Olumuyiwa Fashanu,2024,
00-0039732,Bo Nix,2024,
00-0039338,Brock Bowers,2024,
00-0039339,Taliese Fuaga,2024,
00-0039340,Laiatu Latu,2024,
00-0039309,Byron Murphy,2024,
00-0039924,Dallas Turner,2024,
00-0039925,Amarius Mims,2024,
00-0039852,Jared Verse,2024,
00-0039871,Troy Fautanu,2024,
00-0039911,Chop Robinson,2024,
00-0039888,Quinyon Mitchell,2024,
00-0039893,Brian Thomas,2024,
00-0039903,Terrion Arnold,2024,
00-0039904,Jordan Morgan,2024,
00-0039905,Graham Barton,2024,
00-0039854,Darius Robinson,2024,
00-0039894,Xavier Worthy,2024,
00-0039341,Tyler Guyton,2024,
00-0039232,Nate Wiggins,2024,
00-0039916,Ricky Pearsall,2024,
00-0039342,Xavier Legette,2024,
00-0040676,Cam Ward,2025,
00-0040718,Travis Hunter,2025,
00-0040677,Abdul Carter,2025,
00-0040699,Will Campbell,2025,
00-0040685,Mason Graham,2025,
00-0040122,Ashton Jeanty,2025,
00-0040123,Armand Membou,2025,
00-0040124,Tetairoa McMillan,2025,
00-0040125,Kelvin Banks,2025,
00-0040126,Colston Loveland,2025,
00-0040660,Mykel Williams,2025,
00-0040007,Tyler Booker,2025,
00-0040127,Kenneth Grant,2025,
00-0040128,Tyler Warren,2025,
00-0040577,Jalon Walker,2025,
00-0040706,Walter Nolen,2025,
00-0040756,Shemar Stewart,2025,
00-0040639,Grey Zabel,2025,
00-0040129,Emeka Egbuka,2025,
00-0040720,Jahdae Barron,2025,
00-0040678,Derrick Harmon,2025,
00-0040666,Omarion Hampton,2025,
00-0040667,Matthew Golden,2025,
00-0040661,Donovan Jackson,2025,
00-0040691,Jaxson Dart,2025,
00-0040578,James Pearce,2025,
00-0040688,Malaki Starks,2025,
00-0040672,Tyleik Williams,2025,
00-0040686,Josh Conerly,2025,
00-0040709,Maxwell Hairston,2025,
00-0040708,Jihaad Campbell,2025,
00-0040116,Josh Simmons,2025,
MEN516487,Fernando Mendoza,2026,
BailDa02,David Bailey,2026,
LOV121782,Jeremiyah Love,2026,
TAT143045,Carnell Tate,2026,
REE496321,Arvell Reese,2026,
DEL076452,Mansoor Delane,2026,
StylSo01,Sonny Styles,2026,
TYS405541,Jordyn Tyson,2026,
FAN288396,Spencer Fano,2026,
MAU290246,Francis Mauigoa,2026,
DOW662609,Caleb Downs,2026,
PRO114835,Kadyn Proctor,2026,
SIM639376,Ty Simpson,2026,
IOA451705,Olaivavega Ioane,2026,
BAI741257,Rueben Bain Jr.,2026,
SAD482340,Kenyon Sadiq,2026,
MillBl01,Blake Miller,2026,
BAN414915,Caleb Banks,2026,
FRE136741,Monroe Freeling,2026,
LEM694125,Makai Lemon,2026,
IHE074158,Max Iheanachor,2026,
MesiAk01,Akheem Mesidor,2026,
LAW442372,Malachi Lawrence,2026,
CON046719,KC Concepcion,2026,
THI666823,Dillon Thieneman,2026,
RUT745912,Keylan Rutledge,2026,
JohnCh09,Chris Johnson,2026,
LOM719974,Caleb Lomu,2026,
WOO547869,Peter Woods,2026,
COO816508,Omar Cooper Jr.,2026,
FAU124764,Keldric Faulk,2026,
PRI206342,Jadarian Price,2026,
